<configuration>

<property>
  <name>yarn.timeline-service.leveldb-timeline-store.path</name>
  <value>/opt/mr3-run/ats/work-dir/ats</value>
</property>

<property>
  <name>yarn.http.policy</name>
  <value>HTTP_ONLY</value>
</property>

<property>
  <name>yarn.timeline-service.webapp.address</name>
  <value>${yarn.timeline-service.hostname}:9188</value>
</property>

<property>
  <name>yarn.timeline-service.webapp.https.address</name>
  <value>${yarn.timeline-service.hostname}:9190</value>
</property>

<property>
  <name>yarn.timeline-service.http-cross-origin.enabled</name>
  <value>true</value>
</property>

<property>
  <name>yarn.timeline-service.http-authentication.type</name>
  <value>simple</value>
</property>

<property>
  <name>yarn.timeline-service.principal</name>
  <value>hive/red0@RED</value>
</property>

<property>
  <name>yarn.timeline-service.keytab</name>
  <value>/opt/mr3-run/ats/key/hive-admin.keytab</value>
</property>

<property>
  <name>yarn.timeline-service.http-authentication.kerberos.principal</name>
  <value>hive/red0@RED</value>
</property>

<property>
  <name>yarn.timeline-service.http-authentication.kerberos.keytab</name>
  <value>/opt/mr3-run/ats/key/hive-admin.keytab</value>
</property>

<property>
  <name>yarn.acl.enable</name>
  <value>true</value>
</property>

<property>
  <name>yarn.admin.acl</name>
  <value></value>
</property>

<property>
  <name>yarn.timeline-service.ttl-enable</name>
  <value>true</value>
</property>

<property>
  <name>yarn.timeline-service.ttl-ms</name>
  <value>604800000</value>
</property>

</configuration>
