<configuration>

<property>
  <name>yarn.resourcemanager.principal</name>
  <value>${env.secret.kerberosSecret !== undefined ? env.secret.kerberosSecret.server.principalInternal : ''}</value>
</property>

<property>
  <name>yarn.timeline-service.enabled</name>
  <value>${env.timeline.timelineEnabled}</value>
</property>

<property>
  <name>yarn.timeline-service.version</name>
  <value>1.0f</value>
</property>

<property>
  <name>yarn.http.policy</name>
  <value>${env.timeline.httpPolicy}</value>
</property>

<property>
  <name>yarn.timeline-service.webapp.address</name>
  <value>${env.timeline.timelineAddressHttp}</value>
</property>

<property>
  <name>yarn.timeline-service.webapp.https.address</name>
  <value>${env.timeline.timelineAddressHttps}</value>
</property>

</configuration>

