<Configuration>
  <Appenders>

    <Console name="STDOUT" target="SYSTEM_OUT">
      <PatternLayout>
        <Pattern>
          %d [%t] %-5p (%X{collection} %X{shard} %X{replica} %X{core}) %C{6} (%F:%L) - %m%n
        </Pattern>
      </PatternLayout>
    </Console>

    <RollingFile
        name="RollingFile"
        fileName="${sys:solr.log.dir}/solr.log"
        filePattern="${sys:solr.log.dir}/solr.log.%i" >
      <PatternLayout>
        <Pattern>
          %d [%t] %-5p (%X{collection} %X{shard} %X{replica} %X{core}) %C{6} (%F:%L) - %m%n
        </Pattern>
      </PatternLayout>
      <Policies>
        <OnStartupTriggeringPolicy />
        <SizeBasedTriggeringPolicy size="32 MB"/>
      </Policies>
      <DefaultRolloverStrategy max="10"/>
    </RollingFile>

    <RollingFile
        name="SlowFile"
        fileName="${sys:solr.log.dir}/solr_slow_requests.log"
        filePattern="${sys:solr.log.dir}/solr_slow_requests.log.%i" >
      <PatternLayout>
        <Pattern>
          %d [%t] %-5p (%X{collection} %X{shard} %X{replica} %X{core}) %C{6} (%F:%L) - %m%n
        </Pattern>
      </PatternLayout>
      <Policies>
        <OnStartupTriggeringPolicy />
        <SizeBasedTriggeringPolicy size="32 MB"/>
      </Policies>
      <DefaultRolloverStrategy max="10"/>
    </RollingFile>

  </Appenders>
  <Loggers>
    <Logger name="org.apache.hadoop" level="warn"/>
    <Logger name="org.apache.solr.update.LoggingInfoStream" level="off"/>
    <Logger name="org.apache.zookeeper" level="warn"/>
    <Logger name="org.apache.solr.core.SolrCore.SlowRequest" level="info" additivity="false"/>

    <Root level="info">
      <AppenderRef ref="STDOUT"/>
    </Root>
  </Loggers>
</Configuration>
